pais_id,pais,año,mes,ccp,producto,distribución,unidad_med_distribución,consumo_per_cápita,uni_med_consumu_id,uni_med_consumo _per_capita
32,Argentina,2000,1,22110,Leche pasteurizada,67426.79,Miles de litros,1.78,l,Litros
32,Argentina,2000,1,22110,Leche esterilizada,63608.38,Miles de litros,1.68,l,Litros
32,Argentina,2000,1,22110,Leche chocolatada,2934.2,Miles de litros,0.08,l,Litros
32,Argentina,2000,2,22110,Leche pasteurizada,69800.58,Miles de litros,1.85,l,Litros
32,Argentina,2000,2,22110,Leche esterilizada,43541.87,Miles de litros,1.16,l,Litros
32,Argentina,2000,2,22110,Leche chocolatada,2550.72,Miles de litros,0.07,l,Litros
32,Argentina,2000,3,22110,Leche pasteurizada,81747.5,Miles de litros,2.17,l,Litros
32,Argentina,2000,3,22110,Leche esterilizada,66122.1,Miles de litros,1.76,l,Litros
32,Argentina,2000,3,22110,Leche chocolatada,3337.78,Miles de litros,0.09,l,Litros
32,Argentina,2000,4,22110,Leche pasteurizada,72709.04,Miles de litros,1.94,l,Litros
32,Argentina,2000,4,22110,Leche esterilizada,61553.62,Miles de litros,1.64,l,Litros
32,Argentina,2000,4,22110,Leche chocolatada,2093.54,Miles de litros,0.06,l,Litros
32,Argentina,2000,5,22110,Leche pasteurizada,78689.22,Miles de litros,2.1,l,Litros
32,Argentina,2000,5,22110,Leche esterilizada,58820.95,Miles de litros,1.57,l,Litros
32,Argentina,2000,5,22110,Leche chocolatada,5144.9,Miles de litros,0.14,l,Litros
32,Argentina,2000,6,22110,Leche pasteurizada,78560.42,Miles de litros,2.1,l,Litros
32,Argentina,2000,6,22110,Leche esterilizada,64639.3,Miles de litros,1.73,l,Litros
32,Argentina,2000,6,22110,Leche chocolatada,1224.9,Miles de litros,0.03,l,Litros
32,Argentina,2000,7,22110,Leche pasteurizada,80609.55,Miles de litros,2.17,l,Litros
32,Argentina,2000,7,22110,Leche esterilizada,47127.77,Miles de litros,1.27,l,Litros
32,Argentina,2000,7,22110,Leche chocolatada,275.51,Miles de litros,0.01,l,Litros
32,Argentina,2000,8,22110,Leche pasteurizada,80206.22,Miles de litros,2.16,l,Litros
32,Argentina,2000,8,22110,Leche esterilizada,54504.73,Miles de litros,1.47,l,Litros
32,Argentina,2000,8,22110,Leche chocolatada,3207.86,Miles de litros,0.09,l,Litros
32,Argentina,2000,9,22110,Leche pasteurizada,76312.9,Miles de litros,2.06,l,Litros
32,Argentina,2000,9,22110,Leche esterilizada,49575.18,Miles de litros,1.34,l,Litros
32,Argentina,2000,9,22110,Leche chocolatada,1825.01,Miles de litros,0.05,l,Litros
32,Argentina,2000,10,22110,Leche pasteurizada,76946.64,Miles de litros,2.08,l,Litros
32,Argentina,2000,10,22110,Leche esterilizada,57332.56,Miles de litros,1.55,l,Litros
32,Argentina,2000,10,22110,Leche chocolatada,2015.39,Miles de litros,0.05,l,Litros
32,Argentina,2000,11,22110,Leche pasteurizada,78470.71,Miles de litros,2.13,l,Litros
32,Argentina,2000,11,22110,Leche esterilizada,47968.85,Miles de litros,1.3,l,Litros
32,Argentina,2000,11,22110,Leche chocolatada,2191.68,Miles de litros,0.06,l,Litros
32,Argentina,2000,12,22110,Leche pasteurizada,82183.23,Miles de litros,2.23,l,Litros
32,Argentina,2000,12,22110,Leche esterilizada,86434.05,Miles de litros,2.35,l,Litros
32,Argentina,2000,12,22110,Leche chocolatada,4109.65,Miles de litros,0.11,l,Litros
32,Argentina,2001,1,22110,Leche pasteurizada,72565.34,Miles de litros,1.97,l,Litros
32,Argentina,2001,1,22110,Leche esterilizada,74854.17,Miles de litros,2.03,l,Litros
32,Argentina,2001,1,22110,Leche chocolatada,4228.72,Miles de litros,0.11,l,Litros
32,Argentina,2001,2,22110,Leche pasteurizada,70215.27,Miles de litros,1.91,l,Litros
32,Argentina,2001,2,22110,Leche esterilizada,52688.35,Miles de litros,1.43,l,Litros
32,Argentina,2001,2,22110,Leche chocolatada,3427.81,Miles de litros,0.09,l,Litros
32,Argentina,2001,3,22110,Leche pasteurizada,84241.08,Miles de litros,2.28,l,Litros
32,Argentina,2001,3,22110,Leche esterilizada,57107.56,Miles de litros,1.55,l,Litros
32,Argentina,2001,3,22110,Leche chocolatada,3391.89,Miles de litros,0.09,l,Litros
32,Argentina,2001,4,22110,Leche pasteurizada,72917.53,Miles de litros,1.98,l,Litros
32,Argentina,2001,4,22110,Leche esterilizada,59450.04,Miles de litros,1.61,l,Litros
32,Argentina,2001,4,22110,Leche chocolatada,2164.96,Miles de litros,0.06,l,Litros
32,Argentina,2001,5,22110,Leche pasteurizada,81592.44,Miles de litros,2.21,l,Litros
32,Argentina,2001,5,22110,Leche esterilizada,64328.28,Miles de litros,1.74,l,Litros
32,Argentina,2001,5,22110,Leche chocolatada,4381.46,Miles de litros,0.12,l,Litros
32,Argentina,2001,6,22110,Leche pasteurizada,80228.65,Miles de litros,2.17,l,Litros
32,Argentina,2001,6,22110,Leche esterilizada,63677.61,Miles de litros,1.72,l,Litros
32,Argentina,2001,6,22110,Leche chocolatada,768.32,Miles de litros,0.02,l,Litros
32,Argentina,2001,7,22110,Leche pasteurizada,75390.65,Miles de litros,2.04,l,Litros
32,Argentina,2001,7,22110,Leche esterilizada,44249.28,Miles de litros,1.2,l,Litros
32,Argentina,2001,7,22110,Leche chocolatada,1252.65,Miles de litros,0.03,l,Litros
32,Argentina,2001,8,22110,Leche pasteurizada,76971.9,Miles de litros,2.08,l,Litros
32,Argentina,2001,8,22110,Leche esterilizada,52773.66,Miles de litros,1.43,l,Litros
32,Argentina,2001,8,22110,Leche chocolatada,2356.14,Miles de litros,0.06,l,Litros
32,Argentina,2001,9,22110,Leche pasteurizada,73147.09,Miles de litros,1.97,l,Litros
32,Argentina,2001,9,22110,Leche esterilizada,47494.45,Miles de litros,1.28,l,Litros
32,Argentina,2001,9,22110,Leche chocolatada,2068.14,Miles de litros,0.06,l,Litros
32,Argentina,2001,10,22110,Leche pasteurizada,76537.81,Miles de litros,2.06,l,Litros
32,Argentina,2001,10,22110,Leche esterilizada,57058.08,Miles de litros,1.54,l,Litros
32,Argentina,2001,10,22110,Leche chocolatada,2018.5,Miles de litros,0.05,l,Litros
32,Argentina,2001,11,22110,Leche pasteurizada,77008.61,Miles de litros,2.07,l,Litros
32,Argentina,2001,11,22110,Leche esterilizada,57693.15,Miles de litros,1.55,l,Litros
32,Argentina,2001,11,22110,Leche chocolatada,3413.04,Miles de litros,0.09,l,Litros
32,Argentina,2001,12,22110,Leche pasteurizada,70634.79,Miles de litros,1.9,l,Litros
32,Argentina,2001,12,22110,Leche esterilizada,55102.91,Miles de litros,1.48,l,Litros
32,Argentina,2001,12,22110,Leche chocolatada,2111.92,Miles de litros,0.06,l,Litros
32,Argentina,2002,1,22110,Leche pasteurizada,66267.96,Miles de litros,1.78,l,Litros
32,Argentina,2002,1,22110,Leche esterilizada,74789.54,Miles de litros,2.01,l,Litros
32,Argentina,2002,1,22110,Leche chocolatada,2602.76,Miles de litros,0.07,l,Litros
32,Argentina,2002,2,22110,Leche pasteurizada,69100.75,Miles de litros,1.86,l,Litros
32,Argentina,2002,2,22110,Leche esterilizada,46616.4,Miles de litros,1.25,l,Litros
32,Argentina,2002,2,22110,Leche chocolatada,1337.52,Miles de litros,0.04,l,Litros
32,Argentina,2002,3,22110,Leche pasteurizada,71819.15,Miles de litros,1.93,l,Litros
32,Argentina,2002,3,22110,Leche esterilizada,51539.6,Miles de litros,1.38,l,Litros
32,Argentina,2002,3,22110,Leche chocolatada,1647,Miles de litros,0.04,l,Litros
32,Argentina,2002,4,22110,Leche pasteurizada,63876.62,Miles de litros,1.71,l,Litros
32,Argentina,2002,4,22110,Leche esterilizada,48247.06,Miles de litros,1.29,l,Litros
32,Argentina,2002,4,22110,Leche chocolatada,1458.85,Miles de litros,0.04,l,Litros
32,Argentina,2002,5,22110,Leche pasteurizada,74385.9,Miles de litros,1.99,l,Litros
32,Argentina,2002,5,22110,Leche esterilizada,52301.77,Miles de litros,1.4,l,Litros
32,Argentina,2002,5,22110,Leche chocolatada,2623.65,Miles de litros,0.07,l,Litros
32,Argentina,2002,6,22110,Leche pasteurizada,74443.67,Miles de litros,1.99,l,Litros
32,Argentina,2002,6,22110,Leche esterilizada,35465.69,Miles de litros,0.95,l,Litros
32,Argentina,2002,6,22110,Leche chocolatada,575.51,Miles de litros,0.02,l,Litros
32,Argentina,2002,7,22110,Leche pasteurizada,78413.88,Miles de litros,2.1,l,Litros
32,Argentina,2002,7,22110,Leche esterilizada,54663.65,Miles de litros,1.46,l,Litros
32,Argentina,2002,7,22110,Leche chocolatada,757.66,Miles de litros,0.02,l,Litros
32,Argentina,2002,8,22110,Leche pasteurizada,83100.52,Miles de litros,2.22,l,Litros
32,Argentina,2002,8,22110,Leche esterilizada,30912.03,Miles de litros,0.83,l,Litros
32,Argentina,2002,8,22110,Leche chocolatada,899.11,Miles de litros,0.02,l,Litros
32,Argentina,2002,9,22110,Leche pasteurizada,73786.6,Miles de litros,1.97,l,Litros
32,Argentina,2002,9,22110,Leche esterilizada,32671.66,Miles de litros,0.87,l,Litros
32,Argentina,2002,9,22110,Leche chocolatada,1254.19,Miles de litros,0.03,l,Litros
32,Argentina,2002,10,22110,Leche pasteurizada,71355.96,Miles de litros,1.91,l,Litros
32,Argentina,2002,10,22110,Leche esterilizada,27992.87,Miles de litros,0.75,l,Litros
32,Argentina,2002,10,22110,Leche chocolatada,825.36,Miles de litros,0.02,l,Litros
32,Argentina,2002,11,22110,Leche pasteurizada,75867.68,Miles de litros,2.02,l,Litros
32,Argentina,2002,11,22110,Leche esterilizada,36870.78,Miles de litros,0.98,l,Litros
32,Argentina,2002,11,22110,Leche chocolatada,1279.09,Miles de litros,0.03,l,Litros
32,Argentina,2002,12,22110,Leche pasteurizada,68420.71,Miles de litros,1.82,l,Litros
32,Argentina,2002,12,22110,Leche esterilizada,32770.33,Miles de litros,0.87,l,Litros
32,Argentina,2002,12,22110,Leche chocolatada,1471.41,Miles de litros,0.04,l,Litros
32,Argentina,2003,1,22110,Leche pasteurizada,70813.3,Miles de litros,1.89,l,Litros
32,Argentina,2003,1,22110,Leche esterilizada,42397.93,Miles de litros,1.13,l,Litros
32,Argentina,2003,1,22110,Leche chocolatada,1911.22,Miles de litros,0.05,l,Litros
32,Argentina,2003,2,22110,Leche pasteurizada,69245.76,Miles de litros,1.84,l,Litros
32,Argentina,2003,2,22110,Leche esterilizada,25382.71,Miles de litros,0.68,l,Litros
32,Argentina,2003,2,22110,Leche chocolatada,1440.6,Miles de litros,0.04,l,Litros
32,Argentina,2003,3,22110,Leche pasteurizada,74279.42,Miles de litros,1.98,l,Litros
32,Argentina,2003,3,22110,Leche esterilizada,32674.1,Miles de litros,0.87,l,Litros
32,Argentina,2003,3,22110,Leche chocolatada,1599,Miles de litros,0.04,l,Litros
32,Argentina,2003,4,22110,Leche pasteurizada,77689.47,Miles de litros,2.06,l,Litros
32,Argentina,2003,4,22110,Leche esterilizada,29203.99,Miles de litros,0.78,l,Litros
32,Argentina,2003,4,22110,Leche chocolatada,1294.84,Miles de litros,0.03,l,Litros
32,Argentina,2003,5,22110,Leche pasteurizada,82550.42,Miles de litros,2.19,l,Litros
32,Argentina,2003,5,22110,Leche esterilizada,30920.78,Miles de litros,0.82,l,Litros
32,Argentina,2003,5,22110,Leche chocolatada,1256.44,Miles de litros,0.03,l,Litros
32,Argentina,2003,6,22110,Leche pasteurizada,77585.32,Miles de litros,2.06,l,Litros
32,Argentina,2003,6,22110,Leche esterilizada,44523.26,Miles de litros,1.18,l,Litros
32,Argentina,2003,6,22110,Leche chocolatada,389.16,Miles de litros,0.01,l,Litros
32,Argentina,2003,7,22110,Leche pasteurizada,83406.01,Miles de litros,2.21,l,Litros
32,Argentina,2003,7,22110,Leche esterilizada,21703.62,Miles de litros,0.58,l,Litros
32,Argentina,2003,7,22110,Leche chocolatada,684.36,Miles de litros,0.02,l,Litros
32,Argentina,2003,8,22110,Leche pasteurizada,88692.63,Miles de litros,2.35,l,Litros
32,Argentina,2003,8,22110,Leche esterilizada,7845.66,Miles de litros,0.21,l,Litros
32,Argentina,2003,8,22110,Leche chocolatada,670.74,Miles de litros,0.02,l,Litros
32,Argentina,2003,9,22110,Leche pasteurizada,85394.73,Miles de litros,2.26,l,Litros
32,Argentina,2003,9,22110,Leche esterilizada,56560.55,Miles de litros,1.5,l,Litros
32,Argentina,2003,9,22110,Leche chocolatada,1083.81,Miles de litros,0.03,l,Litros
32,Argentina,2003,10,22110,Leche pasteurizada,88445.29,Miles de litros,2.34,l,Litros
32,Argentina,2003,10,22110,Leche esterilizada,32612.16,Miles de litros,0.86,l,Litros
32,Argentina,2003,10,22110,Leche chocolatada,559.47,Miles de litros,0.01,l,Litros
32,Argentina,2003,11,22110,Leche pasteurizada,85007.16,Miles de litros,2.25,l,Litros
32,Argentina,2003,11,22110,Leche esterilizada,31342.52,Miles de litros,0.83,l,Litros
32,Argentina,2003,11,22110,Leche chocolatada,1585.98,Miles de litros,0.04,l,Litros
32,Argentina,2003,12,22110,Leche pasteurizada,89824.48,Miles de litros,2.37,l,Litros
32,Argentina,2003,12,22110,Leche esterilizada,62881.39,Miles de litros,1.66,l,Litros
32,Argentina,2003,12,22110,Leche chocolatada,2513.72,Miles de litros,0.07,l,Litros
32,Argentina,2004,1,22110,Leche pasteurizada,86957.26,Miles de litros,2.29,l,Litros
32,Argentina,2004,1,22110,Leche esterilizada,45505.3,Miles de litros,1.2,l,Litros
32,Argentina,2004,1,22110,Leche chocolatada,2288.88,Miles de litros,0.06,l,Litros
32,Argentina,2004,2,22110,Leche pasteurizada,84689.86,Miles de litros,2.23,l,Litros
32,Argentina,2004,2,22110,Leche esterilizada,31355.37,Miles de litros,0.83,l,Litros
32,Argentina,2004,2,22110,Leche chocolatada,1510.87,Miles de litros,0.04,l,Litros
32,Argentina,2004,3,22110,Leche pasteurizada,97815.58,Miles de litros,2.58,l,Litros
32,Argentina,2004,3,22110,Leche esterilizada,43356.22,Miles de litros,1.14,l,Litros
32,Argentina,2004,3,22110,Leche chocolatada,1826.6,Miles de litros,0.05,l,Litros
32,Argentina,2004,4,22110,Leche pasteurizada,91008.06,Miles de litros,2.4,l,Litros
32,Argentina,2004,4,22110,Leche esterilizada,43582.21,Miles de litros,1.15,l,Litros
32,Argentina,2004,4,22110,Leche chocolatada,2025.29,Miles de litros,0.05,l,Litros
32,Argentina,2004,5,22110,Leche pasteurizada,86784.73,Miles de litros,2.28,l,Litros
32,Argentina,2004,5,22110,Leche esterilizada,43239.01,Miles de litros,1.14,l,Litros
32,Argentina,2004,5,22110,Leche chocolatada,3315.69,Miles de litros,0.09,l,Litros
32,Argentina,2004,6,22110,Leche pasteurizada,91280.55,Miles de litros,2.4,l,Litros
32,Argentina,2004,6,22110,Leche esterilizada,44697.84,Miles de litros,1.17,l,Litros
32,Argentina,2004,6,22110,Leche chocolatada,712.26,Miles de litros,0.02,l,Litros
32,Argentina,2004,7,22110,Leche pasteurizada,91672.13,Miles de litros,2.41,l,Litros
32,Argentina,2004,7,22110,Leche esterilizada,30644.63,Miles de litros,0.8,l,Litros
32,Argentina,2004,7,22110,Leche chocolatada,1058.61,Miles de litros,0.03,l,Litros
32,Argentina,2004,8,22110,Leche pasteurizada,92479.09,Miles de litros,2.43,l,Litros
32,Argentina,2004,8,22110,Leche esterilizada,30056.56,Miles de litros,0.79,l,Litros
32,Argentina,2004,8,22110,Leche chocolatada,1543.1,Miles de litros,0.04,l,Litros
32,Argentina,2004,9,22110,Leche pasteurizada,85855.26,Miles de litros,2.25,l,Litros
32,Argentina,2004,9,22110,Leche esterilizada,29840.1,Miles de litros,0.78,l,Litros
32,Argentina,2004,9,22110,Leche chocolatada,1514.04,Miles de litros,0.04,l,Litros
32,Argentina,2004,10,22110,Leche pasteurizada,87934.9,Miles de litros,2.3,l,Litros
32,Argentina,2004,10,22110,Leche esterilizada,34063.91,Miles de litros,0.89,l,Litros
32,Argentina,2004,10,22110,Leche chocolatada,1181.44,Miles de litros,0.03,l,Litros
32,Argentina,2004,11,22110,Leche pasteurizada,88501.34,Miles de litros,2.32,l,Litros
32,Argentina,2004,11,22110,Leche esterilizada,32698.03,Miles de litros,0.86,l,Litros
32,Argentina,2004,11,22110,Leche chocolatada,1783.78,Miles de litros,0.05,l,Litros
32,Argentina,2004,12,22110,Leche pasteurizada,91714.63,Miles de litros,2.4,l,Litros
32,Argentina,2004,12,22110,Leche esterilizada,33554.28,Miles de litros,0.88,l,Litros
32,Argentina,2004,12,22110,Leche chocolatada,2623.78,Miles de litros,0.07,l,Litros
32,Argentina,2005,1,22110,Leche pasteurizada,87792.72,Miles de litros,2.29,l,Litros
32,Argentina,2005,1,22110,Leche esterilizada,43760.85,Miles de litros,1.14,l,Litros
32,Argentina,2005,1,22110,Leche chocolatada,3512.39,Miles de litros,0.09,l,Litros
32,Argentina,2005,2,22110,Leche pasteurizada,89889.71,Miles de litros,2.35,l,Litros
32,Argentina,2005,2,22110,Leche esterilizada,31380.36,Miles de litros,0.82,l,Litros
32,Argentina,2005,2,22110,Leche chocolatada,2382.23,Miles de litros,0.06,l,Litros
32,Argentina,2005,3,22110,Leche pasteurizada,101230.14,Miles de litros,2.64,l,Litros
32,Argentina,2005,3,22110,Leche esterilizada,35360.87,Miles de litros,0.92,l,Litros
32,Argentina,2005,3,22110,Leche chocolatada,3162.2,Miles de litros,0.08,l,Litros
32,Argentina,2005,4,22110,Leche pasteurizada,94169.44,Miles de litros,2.46,l,Litros
32,Argentina,2005,4,22110,Leche esterilizada,34440.49,Miles de litros,0.9,l,Litros
32,Argentina,2005,4,22110,Leche chocolatada,2942.23,Miles de litros,0.08,l,Litros
32,Argentina,2005,5,22110,Leche pasteurizada,98741.78,Miles de litros,2.57,l,Litros
32,Argentina,2005,5,22110,Leche esterilizada,39320.62,Miles de litros,1.02,l,Litros
32,Argentina,2005,5,22110,Leche chocolatada,4490.63,Miles de litros,0.12,l,Litros
32,Argentina,2005,6,22110,Leche pasteurizada,101136.01,Miles de litros,2.63,l,Litros
32,Argentina,2005,6,22110,Leche esterilizada,39977.2,Miles de litros,1.04,l,Litros
32,Argentina,2005,6,22110,Leche chocolatada,1273.56,Miles de litros,0.03,l,Litros
32,Argentina,2005,7,22110,Leche pasteurizada,97875.16,Miles de litros,2.55,l,Litros
32,Argentina,2005,7,22110,Leche esterilizada,25702.66,Miles de litros,0.67,l,Litros
32,Argentina,2005,7,22110,Leche chocolatada,1255.78,Miles de litros,0.03,l,Litros
32,Argentina,2005,8,22110,Leche pasteurizada,107075.97,Miles de litros,2.78,l,Litros
32,Argentina,2005,8,22110,Leche esterilizada,30354.13,Miles de litros,0.79,l,Litros
32,Argentina,2005,8,22110,Leche chocolatada,2060.85,Miles de litros,0.05,l,Litros
32,Argentina,2005,9,22110,Leche pasteurizada,95371.2,Miles de litros,2.48,l,Litros
32,Argentina,2005,9,22110,Leche esterilizada,27451.81,Miles de litros,0.71,l,Litros
32,Argentina,2005,9,22110,Leche chocolatada,2034.2,Miles de litros,0.05,l,Litros
32,Argentina,2005,10,22110,Leche pasteurizada,95952.62,Miles de litros,2.49,l,Litros
32,Argentina,2005,10,22110,Leche esterilizada,28742.07,Miles de litros,0.75,l,Litros
32,Argentina,2005,10,22110,Leche chocolatada,1720.45,Miles de litros,0.04,l,Litros
32,Argentina,2005,11,22110,Leche pasteurizada,101682.83,Miles de litros,2.64,l,Litros
32,Argentina,2005,11,22110,Leche esterilizada,30660.74,Miles de litros,0.8,l,Litros
32,Argentina,2005,11,22110,Leche chocolatada,2365.1,Miles de litros,0.06,l,Litros
32,Argentina,2005,12,22110,Leche pasteurizada,100200.08,Miles de litros,2.6,l,Litros
32,Argentina,2005,12,22110,Leche esterilizada,29773.48,Miles de litros,0.77,l,Litros
32,Argentina,2005,12,22110,Leche chocolatada,3355.07,Miles de litros,0.09,l,Litros
32,Argentina,2006,1,22110,Leche pasteurizada,94760.72,Miles de litros,2.45,l,Litros
32,Argentina,2006,1,22110,Leche esterilizada,37702.64,Miles de litros,0.98,l,Litros
32,Argentina,2006,1,22110,Leche chocolatada,4035.83,Miles de litros,0.1,l,Litros
32,Argentina,2006,2,22110,Leche pasteurizada,96295.99,Miles de litros,2.49,l,Litros
32,Argentina,2006,2,22110,Leche esterilizada,28077.4,Miles de litros,0.73,l,Litros
32,Argentina,2006,2,22110,Leche chocolatada,2839.02,Miles de litros,0.07,l,Litros
32,Argentina,2006,3,22110,Leche pasteurizada,107725.16,Miles de litros,2.78,l,Litros
32,Argentina,2006,3,22110,Leche esterilizada,36610.98,Miles de litros,0.95,l,Litros
32,Argentina,2006,3,22110,Leche chocolatada,4388.68,Miles de litros,0.11,l,Litros
32,Argentina,2006,4,22110,Leche pasteurizada,96197.36,Miles de litros,2.48,l,Litros
32,Argentina,2006,4,22110,Leche esterilizada,34166.99,Miles de litros,0.88,l,Litros
32,Argentina,2006,4,22110,Leche chocolatada,3474.95,Miles de litros,0.09,l,Litros
32,Argentina,2006,5,22110,Leche pasteurizada,102663.69,Miles de litros,2.65,l,Litros
32,Argentina,2006,5,22110,Leche esterilizada,40883.91,Miles de litros,1.06,l,Litros
32,Argentina,2006,5,22110,Leche chocolatada,5500.79,Miles de litros,0.14,l,Litros
32,Argentina,2006,6,22110,Leche pasteurizada,102867.18,Miles de litros,2.65,l,Litros
32,Argentina,2006,6,22110,Leche esterilizada,42988.66,Miles de litros,1.11,l,Litros
32,Argentina,2006,6,22110,Leche chocolatada,1034.62,Miles de litros,0.03,l,Litros
32,Argentina,2006,7,22110,Leche pasteurizada,101083.88,Miles de litros,2.6,l,Litros
32,Argentina,2006,7,22110,Leche esterilizada,36188.71,Miles de litros,0.93,l,Litros
32,Argentina,2006,7,22110,Leche chocolatada,1807.38,Miles de litros,0.05,l,Litros
32,Argentina,2006,8,22110,Leche pasteurizada,107529.9,Miles de litros,2.77,l,Litros
32,Argentina,2006,8,22110,Leche esterilizada,26459.33,Miles de litros,0.68,l,Litros
32,Argentina,2006,8,22110,Leche chocolatada,2401.12,Miles de litros,0.06,l,Litros
32,Argentina,2006,9,22110,Leche pasteurizada,101046.14,Miles de litros,2.6,l,Litros
32,Argentina,2006,9,22110,Leche esterilizada,30023.83,Miles de litros,0.77,l,Litros
32,Argentina,2006,9,22110,Leche chocolatada,2840.96,Miles de litros,0.07,l,Litros
32,Argentina,2006,10,22110,Leche pasteurizada,102539.84,Miles de litros,2.64,l,Litros
32,Argentina,2006,10,22110,Leche esterilizada,33713.5,Miles de litros,0.87,l,Litros
32,Argentina,2006,10,22110,Leche chocolatada,2889.86,Miles de litros,0.07,l,Litros
32,Argentina,2006,11,22110,Leche pasteurizada,104892.71,Miles de litros,2.69,l,Litros
32,Argentina,2006,11,22110,Leche esterilizada,34753.99,Miles de litros,0.89,l,Litros
32,Argentina,2006,11,22110,Leche chocolatada,4517.6,Miles de litros,0.12,l,Litros
32,Argentina,2006,12,22110,Leche pasteurizada,103328.32,Miles de litros,2.65,l,Litros
32,Argentina,2006,12,22110,Leche esterilizada,32544.46,Miles de litros,0.84,l,Litros
32,Argentina,2006,12,22110,Leche chocolatada,5099.82,Miles de litros,0.13,l,Litros
32,Argentina,2007,1,22110,Leche pasteurizada,105864.56,Miles de litros,2.71,l,Litros
32,Argentina,2007,1,22110,Leche esterilizada,45507.2,Miles de litros,1.17,l,Litros
32,Argentina,2007,1,22110,Leche chocolatada,6616.82,Miles de litros,0.17,l,Litros
32,Argentina,2007,2,22110,Leche pasteurizada,102034.98,Miles de litros,2.61,l,Litros
32,Argentina,2007,2,22110,Leche esterilizada,34062.59,Miles de litros,0.87,l,Litros
32,Argentina,2007,2,22110,Leche chocolatada,7010.89,Miles de litros,0.18,l,Litros
32,Argentina,2007,3,22110,Leche pasteurizada,114028.41,Miles de litros,2.92,l,Litros
32,Argentina,2007,3,22110,Leche esterilizada,38362.41,Miles de litros,0.98,l,Litros
32,Argentina,2007,3,22110,Leche chocolatada,6810.28,Miles de litros,0.17,l,Litros
32,Argentina,2007,4,22110,Leche pasteurizada,104713.15,Miles de litros,2.68,l,Litros
32,Argentina,2007,4,22110,Leche esterilizada,35987.5,Miles de litros,0.92,l,Litros
32,Argentina,2007,4,22110,Leche chocolatada,6537.64,Miles de litros,0.17,l,Litros
32,Argentina,2007,5,22110,Leche pasteurizada,117934.2,Miles de litros,3.01,l,Litros
32,Argentina,2007,5,22110,Leche esterilizada,43370.73,Miles de litros,1.11,l,Litros
32,Argentina,2007,5,22110,Leche chocolatada,9461.29,Miles de litros,0.24,l,Litros
32,Argentina,2007,6,22110,Leche pasteurizada,112836.51,Miles de litros,2.88,l,Litros
32,Argentina,2007,6,22110,Leche esterilizada,42983.22,Miles de litros,1.1,l,Litros
32,Argentina,2007,6,22110,Leche chocolatada,3467.33,Miles de litros,0.09,l,Litros
32,Argentina,2007,7,22110,Leche pasteurizada,106274.01,Miles de litros,2.71,l,Litros
32,Argentina,2007,7,22110,Leche esterilizada,12680.99,Miles de litros,0.32,l,Litros
32,Argentina,2007,7,22110,Leche chocolatada,3194.11,Miles de litros,0.08,l,Litros
32,Argentina,2007,8,22110,Leche pasteurizada,108628.87,Miles de litros,2.77,l,Litros
32,Argentina,2007,8,22110,Leche esterilizada,36660.43,Miles de litros,0.93,l,Litros
32,Argentina,2007,8,22110,Leche chocolatada,4697.99,Miles de litros,0.12,l,Litros
32,Argentina,2007,9,22110,Leche pasteurizada,91385.44,Miles de litros,2.33,l,Litros
32,Argentina,2007,9,22110,Leche esterilizada,30726.26,Miles de litros,0.78,l,Litros
32,Argentina,2007,9,22110,Leche chocolatada,3740.7,Miles de litros,0.1,l,Litros
32,Argentina,2007,10,22110,Leche pasteurizada,98659.25,Miles de litros,2.51,l,Litros
32,Argentina,2007,10,22110,Leche esterilizada,26971.63,Miles de litros,0.69,l,Litros
32,Argentina,2007,10,22110,Leche chocolatada,3421.99,Miles de litros,0.09,l,Litros
32,Argentina,2007,11,22110,Leche pasteurizada,96417.97,Miles de litros,2.45,l,Litros
32,Argentina,2007,11,22110,Leche esterilizada,17925.06,Miles de litros,0.46,l,Litros
32,Argentina,2007,11,22110,Leche chocolatada,4992.32,Miles de litros,0.13,l,Litros
32,Argentina,2007,12,22110,Leche pasteurizada,94826.17,Miles de litros,2.41,l,Litros
32,Argentina,2007,12,22110,Leche esterilizada,24880.66,Miles de litros,0.63,l,Litros
32,Argentina,2007,12,22110,Leche chocolatada,4574.98,Miles de litros,0.12,l,Litros
32,Argentina,2008,1,22110,Leche pasteurizada,96375.5,Miles de litros,2.45,l,Litros
32,Argentina,2008,1,22110,Leche esterilizada,44830.86,Miles de litros,1.14,l,Litros
32,Argentina,2008,1,22110,Leche chocolatada,9503.51,Miles de litros,0.24,l,Litros
32,Argentina,2008,2,22110,Leche pasteurizada,97156.4,Miles de litros,2.46,l,Litros
32,Argentina,2008,2,22110,Leche esterilizada,30031,Miles de litros,0.76,l,Litros
32,Argentina,2008,2,22110,Leche chocolatada,7470.81,Miles de litros,0.19,l,Litros
32,Argentina,2008,3,22110,Leche pasteurizada,97362.19,Miles de litros,2.47,l,Litros
32,Argentina,2008,3,22110,Leche esterilizada,32401.85,Miles de litros,0.82,l,Litros
32,Argentina,2008,3,22110,Leche chocolatada,7295.36,Miles de litros,0.18,l,Litros
32,Argentina,2008,4,22110,Leche pasteurizada,103282.03,Miles de litros,2.62,l,Litros
32,Argentina,2008,4,22110,Leche esterilizada,45216.51,Miles de litros,1.15,l,Litros
32,Argentina,2008,4,22110,Leche chocolatada,9442.24,Miles de litros,0.24,l,Litros
32,Argentina,2008,5,22110,Leche pasteurizada,104683.79,Miles de litros,2.65,l,Litros
32,Argentina,2008,5,22110,Leche esterilizada,44359.37,Miles de litros,1.12,l,Litros
32,Argentina,2008,5,22110,Leche chocolatada,13783.76,Miles de litros,0.35,l,Litros
32,Argentina,2008,6,22110,Leche pasteurizada,96440.25,Miles de litros,2.44,l,Litros
32,Argentina,2008,6,22110,Leche esterilizada,37562.78,Miles de litros,0.95,l,Litros
32,Argentina,2008,6,22110,Leche chocolatada,2282.37,Miles de litros,0.06,l,Litros
32,Argentina,2008,7,22110,Leche pasteurizada,100846.4,Miles de litros,2.55,l,Litros
32,Argentina,2008,7,22110,Leche esterilizada,34997.96,Miles de litros,0.88,l,Litros
32,Argentina,2008,7,22110,Leche chocolatada,5178.25,Miles de litros,0.13,l,Litros
32,Argentina,2008,8,22110,Leche pasteurizada,104286.06,Miles de litros,2.63,l,Litros
32,Argentina,2008,8,22110,Leche esterilizada,24634.45,Miles de litros,0.62,l,Litros
32,Argentina,2008,8,22110,Leche chocolatada,4709.83,Miles de litros,0.12,l,Litros
32,Argentina,2008,9,22110,Leche pasteurizada,102516.96,Miles de litros,2.59,l,Litros
32,Argentina,2008,9,22110,Leche esterilizada,17110.18,Miles de litros,0.43,l,Litros
32,Argentina,2008,9,22110,Leche chocolatada,7099.48,Miles de litros,0.18,l,Litros
32,Argentina,2008,10,22110,Leche pasteurizada,105349.84,Miles de litros,2.65,l,Litros
32,Argentina,2008,10,22110,Leche esterilizada,25912,Miles de litros,0.65,l,Litros
32,Argentina,2008,10,22110,Leche chocolatada,4330.89,Miles de litros,0.11,l,Litros
32,Argentina,2008,11,22110,Leche pasteurizada,102170.14,Miles de litros,2.57,l,Litros
32,Argentina,2008,11,22110,Leche esterilizada,22848.25,Miles de litros,0.58,l,Litros
32,Argentina,2008,11,22110,Leche chocolatada,7023.41,Miles de litros,0.18,l,Litros
32,Argentina,2008,12,22110,Leche pasteurizada,99297.64,Miles de litros,2.5,l,Litros
32,Argentina,2008,12,22110,Leche esterilizada,23095.69,Miles de litros,0.58,l,Litros
32,Argentina,2008,12,22110,Leche chocolatada,7501.81,Miles de litros,0.19,l,Litros
32,Argentina,2009,1,22110,Leche pasteurizada,94995.88,Miles de litros,2.39,l,Litros
32,Argentina,2009,1,22110,Leche esterilizada,43799.64,Miles de litros,1.1,l,Litros
32,Argentina,2009,1,22110,Leche chocolatada,7011.39,Miles de litros,0.18,l,Litros
32,Argentina,2009,2,22110,Leche pasteurizada,92817.12,Miles de litros,2.33,l,Litros
32,Argentina,2009,2,22110,Leche esterilizada,39920.81,Miles de litros,1,l,Litros
32,Argentina,2009,2,22110,Leche chocolatada,1590.21,Miles de litros,0.04,l,Litros
32,Argentina,2009,3,22110,Leche pasteurizada,102510.83,Miles de litros,2.57,l,Litros
32,Argentina,2009,3,22110,Leche esterilizada,40934.98,Miles de litros,1.03,l,Litros
32,Argentina,2009,3,22110,Leche chocolatada,5178.93,Miles de litros,0.13,l,Litros
32,Argentina,2009,4,22110,Leche pasteurizada,95733.28,Miles de litros,2.4,l,Litros
32,Argentina,2009,4,22110,Leche esterilizada,47086.47,Miles de litros,1.18,l,Litros
32,Argentina,2009,4,22110,Leche chocolatada,8282.99,Miles de litros,0.21,l,Litros
32,Argentina,2009,5,22110,Leche pasteurizada,96601.23,Miles de litros,2.42,l,Litros
32,Argentina,2009,5,22110,Leche esterilizada,46902.13,Miles de litros,1.18,l,Litros
32,Argentina,2009,5,22110,Leche chocolatada,12553.2,Miles de litros,0.31,l,Litros
32,Argentina,2009,6,22110,Leche pasteurizada,102502.62,Miles de litros,2.57,l,Litros
32,Argentina,2009,6,22110,Leche esterilizada,46818.8,Miles de litros,1.17,l,Litros
32,Argentina,2009,6,22110,Leche chocolatada,2677.42,Miles de litros,0.07,l,Litros
32,Argentina,2009,7,22110,Leche pasteurizada,99091.34,Miles de litros,2.48,l,Litros
32,Argentina,2009,7,22110,Leche esterilizada,39637.87,Miles de litros,0.99,l,Litros
32,Argentina,2009,7,22110,Leche chocolatada,3637.32,Miles de litros,0.09,l,Litros
32,Argentina,2009,8,22110,Leche pasteurizada,98410.41,Miles de litros,2.46,l,Litros
32,Argentina,2009,8,22110,Leche esterilizada,42494.32,Miles de litros,1.06,l,Litros
32,Argentina,2009,8,22110,Leche chocolatada,5153.31,Miles de litros,0.13,l,Litros
32,Argentina,2009,9,22110,Leche pasteurizada,94484.47,Miles de litros,2.36,l,Litros
32,Argentina,2009,9,22110,Leche esterilizada,36136.25,Miles de litros,0.9,l,Litros
32,Argentina,2009,9,22110,Leche chocolatada,5149.78,Miles de litros,0.13,l,Litros
32,Argentina,2009,10,22110,Leche pasteurizada,99513.59,Miles de litros,2.48,l,Litros
32,Argentina,2009,10,22110,Leche esterilizada,42337.89,Miles de litros,1.06,l,Litros
32,Argentina,2009,10,22110,Leche chocolatada,4154.26,Miles de litros,0.1,l,Litros
32,Argentina,2009,11,22110,Leche pasteurizada,96345.55,Miles de litros,2.4,l,Litros
32,Argentina,2009,11,22110,Leche esterilizada,39878.1,Miles de litros,0.99,l,Litros
32,Argentina,2009,11,22110,Leche chocolatada,6176.27,Miles de litros,0.15,l,Litros
32,Argentina,2009,12,22110,Leche pasteurizada,92150.36,Miles de litros,2.3,l,Litros
32,Argentina,2009,12,22110,Leche esterilizada,46060.35,Miles de litros,1.15,l,Litros
32,Argentina,2009,12,22110,Leche chocolatada,6340.69,Miles de litros,0.16,l,Litros
32,Argentina,2010,1,22110,Leche pasteurizada,84999.18,Miles de litros,2.12,l,Litros
32,Argentina,2010,1,22110,Leche esterilizada,44865.24,Miles de litros,1.12,l,Litros
32,Argentina,2010,1,22110,Leche chocolatada,8479.32,Miles de litros,0.21,l,Litros
32,Argentina,2010,2,22110,Leche pasteurizada,87459.54,Miles de litros,2.18,l,Litros
32,Argentina,2010,2,22110,Leche esterilizada,36034.58,Miles de litros,0.9,l,Litros
32,Argentina,2010,2,22110,Leche chocolatada,7038.39,Miles de litros,0.18,l,Litros
32,Argentina,2010,3,22110,Leche pasteurizada,104720.14,Miles de litros,2.6,l,Litros
32,Argentina,2010,3,22110,Leche esterilizada,43276.36,Miles de litros,1.08,l,Litros
32,Argentina,2010,3,22110,Leche chocolatada,9460.64,Miles de litros,0.24,l,Litros
32,Argentina,2010,4,22110,Leche pasteurizada,102361.55,Miles de litros,2.54,l,Litros
32,Argentina,2010,4,22110,Leche esterilizada,37465.06,Miles de litros,0.93,l,Litros
32,Argentina,2010,4,22110,Leche chocolatada,11965.3,Miles de litros,0.3,l,Litros
32,Argentina,2010,5,22110,Leche pasteurizada,96393.64,Miles de litros,2.39,l,Litros
32,Argentina,2010,5,22110,Leche esterilizada,48995.67,Miles de litros,1.22,l,Litros
32,Argentina,2010,5,22110,Leche chocolatada,13358.88,Miles de litros,0.33,l,Litros
32,Argentina,2010,6,22110,Leche pasteurizada,104814.62,Miles de litros,2.6,l,Litros
32,Argentina,2010,6,22110,Leche esterilizada,45285.54,Miles de litros,1.12,l,Litros
32,Argentina,2010,6,22110,Leche chocolatada,3457.3,Miles de litros,0.09,l,Litros
32,Argentina,2010,7,22110,Leche pasteurizada,98364.49,Miles de litros,2.44,l,Litros
32,Argentina,2010,7,22110,Leche esterilizada,34902.16,Miles de litros,0.86,l,Litros
32,Argentina,2010,7,22110,Leche chocolatada,3882.84,Miles de litros,0.1,l,Litros
32,Argentina,2010,8,22110,Leche pasteurizada,101791.35,Miles de litros,2.52,l,Litros
32,Argentina,2010,8,22110,Leche esterilizada,41937.51,Miles de litros,1.04,l,Litros
32,Argentina,2010,8,22110,Leche chocolatada,6414.3,Miles de litros,0.16,l,Litros
32,Argentina,2010,9,22110,Leche pasteurizada,98729.94,Miles de litros,2.44,l,Litros
32,Argentina,2010,9,22110,Leche esterilizada,29703.93,Miles de litros,0.73,l,Litros
32,Argentina,2010,9,22110,Leche chocolatada,7288.68,Miles de litros,0.18,l,Litros
32,Argentina,2010,10,22110,Leche pasteurizada,104503.18,Miles de litros,2.58,l,Litros
32,Argentina,2010,10,22110,Leche esterilizada,36742.74,Miles de litros,0.91,l,Litros
32,Argentina,2010,10,22110,Leche chocolatada,5637.16,Miles de litros,0.14,l,Litros
32,Argentina,2010,11,22110,Leche pasteurizada,98416.86,Miles de litros,2.43,l,Litros
32,Argentina,2010,11,22110,Leche esterilizada,38047.36,Miles de litros,0.94,l,Litros
32,Argentina,2010,11,22110,Leche chocolatada,8045.29,Miles de litros,0.2,l,Litros
32,Argentina,2010,12,22110,Leche pasteurizada,99405.02,Miles de litros,2.45,l,Litros
32,Argentina,2010,12,22110,Leche esterilizada,38074.54,Miles de litros,0.94,l,Litros
32,Argentina,2010,12,22110,Leche chocolatada,6920.39,Miles de litros,0.17,l,Litros
32,Argentina,2011,1,22110,Leche pasteurizada,92473.86,Miles de litros,2.28,l,Litros
32,Argentina,2011,1,22110,Leche esterilizada,46833.87,Miles de litros,1.15,l,Litros
32,Argentina,2011,1,22110,Leche chocolatada,9369.99,Miles de litros,0.23,l,Litros
32,Argentina,2011,2,22110,Leche pasteurizada,90818.65,Miles de litros,2.24,l,Litros
32,Argentina,2011,2,22110,Leche esterilizada,37059.86,Miles de litros,0.91,l,Litros
32,Argentina,2011,2,22110,Leche chocolatada,7885.11,Miles de litros,0.19,l,Litros
32,Argentina,2011,3,22110,Leche pasteurizada,104178.94,Miles de litros,2.57,l,Litros
32,Argentina,2011,3,22110,Leche esterilizada,44336.44,Miles de litros,1.09,l,Litros
32,Argentina,2011,3,22110,Leche chocolatada,11718.9,Miles de litros,0.29,l,Litros
32,Argentina,2011,4,22110,Leche pasteurizada,94732.7,Miles de litros,2.33,l,Litros
32,Argentina,2011,4,22110,Leche esterilizada,44269.63,Miles de litros,1.09,l,Litros
32,Argentina,2011,4,22110,Leche chocolatada,8868.48,Miles de litros,0.22,l,Litros
32,Argentina,2011,5,22110,Leche pasteurizada,99441.6,Miles de litros,2.44,l,Litros
32,Argentina,2011,5,22110,Leche esterilizada,51009.13,Miles de litros,1.25,l,Litros
32,Argentina,2011,5,22110,Leche chocolatada,13027.93,Miles de litros,0.32,l,Litros
32,Argentina,2011,6,22110,Leche pasteurizada,100574.32,Miles de litros,2.47,l,Litros
32,Argentina,2011,6,22110,Leche esterilizada,53632.65,Miles de litros,1.32,l,Litros
32,Argentina,2011,6,22110,Leche chocolatada,3696.74,Miles de litros,0.09,l,Litros
32,Argentina,2011,7,22110,Leche pasteurizada,97187.2,Miles de litros,2.39,l,Litros
32,Argentina,2011,7,22110,Leche esterilizada,34724.42,Miles de litros,0.85,l,Litros
32,Argentina,2011,7,22110,Leche chocolatada,5651.54,Miles de litros,0.14,l,Litros
32,Argentina,2011,8,22110,Leche pasteurizada,101979.42,Miles de litros,2.5,l,Litros
32,Argentina,2011,8,22110,Leche esterilizada,40231.92,Miles de litros,0.99,l,Litros
32,Argentina,2011,8,22110,Leche chocolatada,8825.58,Miles de litros,0.22,l,Litros
32,Argentina,2011,9,22110,Leche pasteurizada,91479.71,Miles de litros,2.24,l,Litros
32,Argentina,2011,9,22110,Leche esterilizada,38624.68,Miles de litros,0.95,l,Litros
32,Argentina,2011,9,22110,Leche chocolatada,8942.39,Miles de litros,0.22,l,Litros
32,Argentina,2011,10,22110,Leche pasteurizada,93055.54,Miles de litros,2.28,l,Litros
32,Argentina,2011,10,22110,Leche esterilizada,42784.83,Miles de litros,1.05,l,Litros
32,Argentina,2011,10,22110,Leche chocolatada,7195.62,Miles de litros,0.18,l,Litros
32,Argentina,2011,11,22110,Leche pasteurizada,92075.14,Miles de litros,2.25,l,Litros
32,Argentina,2011,11,22110,Leche esterilizada,41921,Miles de litros,1.03,l,Litros
32,Argentina,2011,11,22110,Leche chocolatada,9974.98,Miles de litros,0.24,l,Litros
32,Argentina,2011,12,22110,Leche pasteurizada,90331.87,Miles de litros,2.21,l,Litros
32,Argentina,2011,12,22110,Leche esterilizada,41410.82,Miles de litros,1.01,l,Litros
32,Argentina,2011,12,22110,Leche chocolatada,10817.76,Miles de litros,0.26,l,Litros
32,Argentina,2012,1,22110,Leche pasteurizada,82786.49,Miles de litros,2.02,l,Litros
32,Argentina,2012,1,22110,Leche esterilizada,58260.06,Miles de litros,1.42,l,Litros
32,Argentina,2012,1,22110,Leche chocolatada,12836.11,Miles de litros,0.31,l,Litros
32,Argentina,2012,2,22110,Leche pasteurizada,86477.28,Miles de litros,2.11,l,Litros
32,Argentina,2012,2,22110,Leche esterilizada,39576.81,Miles de litros,0.97,l,Litros
32,Argentina,2012,2,22110,Leche chocolatada,10584.06,Miles de litros,0.26,l,Litros
32,Argentina,2012,3,22110,Leche pasteurizada,96364.58,Miles de litros,2.35,l,Litros
32,Argentina,2012,3,22110,Leche esterilizada,46146.61,Miles de litros,1.13,l,Litros
32,Argentina,2012,3,22110,Leche chocolatada,13905.95,Miles de litros,0.34,l,Litros
32,Argentina,2012,4,22110,Leche pasteurizada,89057.72,Miles de litros,2.17,l,Litros
32,Argentina,2012,4,22110,Leche esterilizada,47334.34,Miles de litros,1.15,l,Litros
32,Argentina,2012,4,22110,Leche chocolatada,10537.47,Miles de litros,0.26,l,Litros
32,Argentina,2012,5,22110,Leche pasteurizada,98345.52,Miles de litros,2.4,l,Litros
32,Argentina,2012,5,22110,Leche esterilizada,55773.88,Miles de litros,1.36,l,Litros
32,Argentina,2012,5,22110,Leche chocolatada,17287.67,Miles de litros,0.42,l,Litros
32,Argentina,2012,6,22110,Leche pasteurizada,100513.56,Miles de litros,2.45,l,Litros
32,Argentina,2012,6,22110,Leche esterilizada,57945.15,Miles de litros,1.41,l,Litros
32,Argentina,2012,6,22110,Leche chocolatada,4703.88,Miles de litros,0.11,l,Litros
32,Argentina,2012,7,22110,Leche pasteurizada,95801.15,Miles de litros,2.33,l,Litros
32,Argentina,2012,7,22110,Leche esterilizada,39747.37,Miles de litros,0.97,l,Litros
32,Argentina,2012,7,22110,Leche chocolatada,6433.44,Miles de litros,0.16,l,Litros
32,Argentina,2012,8,22110,Leche pasteurizada,101322.34,Miles de litros,2.46,l,Litros
32,Argentina,2012,8,22110,Leche esterilizada,45360.12,Miles de litros,1.1,l,Litros
32,Argentina,2012,8,22110,Leche chocolatada,7764.07,Miles de litros,0.19,l,Litros
32,Argentina,2012,9,22110,Leche pasteurizada,92339.27,Miles de litros,2.24,l,Litros
32,Argentina,2012,9,22110,Leche esterilizada,35590.61,Miles de litros,0.86,l,Litros
32,Argentina,2012,9,22110,Leche chocolatada,5932.97,Miles de litros,0.14,l,Litros
32,Argentina,2012,10,22110,Leche pasteurizada,103899.67,Miles de litros,2.52,l,Litros
32,Argentina,2012,10,22110,Leche esterilizada,45605.13,Miles de litros,1.11,l,Litros
32,Argentina,2012,10,22110,Leche chocolatada,9402.36,Miles de litros,0.23,l,Litros
32,Argentina,2012,11,22110,Leche pasteurizada,95350.67,Miles de litros,2.31,l,Litros
32,Argentina,2012,11,22110,Leche esterilizada,43425.74,Miles de litros,1.05,l,Litros
32,Argentina,2012,11,22110,Leche chocolatada,6424.56,Miles de litros,0.16,l,Litros
32,Argentina,2012,12,22110,Leche pasteurizada,90325.4,Miles de litros,2.19,l,Litros
32,Argentina,2012,12,22110,Leche esterilizada,38441.3,Miles de litros,0.93,l,Litros
32,Argentina,2012,12,22110,Leche chocolatada,11929.69,Miles de litros,0.29,l,Litros
32,Argentina,2013,1,22110,Leche pasteurizada,83828.64,Miles de litros,2.05,l,Litros
32,Argentina,2013,1,22110,Leche esterilizada,38006.79,Miles de litros,0.93,l,Litros
32,Argentina,2013,1,22110,Leche chocolatada,7616.15,Miles de litros,0.19,l,Litros
32,Argentina,2013,2,22110,Leche pasteurizada,79301.78,Miles de litros,1.93,l,Litros
32,Argentina,2013,2,22110,Leche esterilizada,41150.49,Miles de litros,1,l,Litros
32,Argentina,2013,2,22110,Leche chocolatada,6937.13,Miles de litros,0.17,l,Litros
32,Argentina,2013,3,22110,Leche pasteurizada,86135.2,Miles de litros,2.1,l,Litros
32,Argentina,2013,3,22110,Leche esterilizada,50970.21,Miles de litros,1.24,l,Litros
32,Argentina,2013,3,22110,Leche chocolatada,9838.15,Miles de litros,0.24,l,Litros
32,Argentina,2013,4,22110,Leche pasteurizada,83893.14,Miles de litros,2.04,l,Litros
32,Argentina,2013,4,22110,Leche esterilizada,51686.61,Miles de litros,1.26,l,Litros
32,Argentina,2013,4,22110,Leche chocolatada,7890.54,Miles de litros,0.19,l,Litros
32,Argentina,2013,5,22110,Leche pasteurizada,88807.67,Miles de litros,2.16,l,Litros
32,Argentina,2013,5,22110,Leche esterilizada,59283.06,Miles de litros,1.44,l,Litros
32,Argentina,2013,5,22110,Leche chocolatada,14150.61,Miles de litros,0.34,l,Litros
32,Argentina,2013,6,22110,Leche pasteurizada,85740.61,Miles de litros,2.09,l,Litros
32,Argentina,2013,6,22110,Leche esterilizada,56412.32,Miles de litros,1.37,l,Litros
32,Argentina,2013,6,22110,Leche chocolatada,4067.5,Miles de litros,0.1,l,Litros
32,Argentina,2013,7,22110,Leche pasteurizada,92699.4,Miles de litros,2.25,l,Litros
32,Argentina,2013,7,22110,Leche esterilizada,42164.04,Miles de litros,1.02,l,Litros
32,Argentina,2013,7,22110,Leche chocolatada,4428.41,Miles de litros,0.11,l,Litros
32,Argentina,2013,8,22110,Leche pasteurizada,93945.43,Miles de litros,2.28,l,Litros
32,Argentina,2013,8,22110,Leche esterilizada,48478.02,Miles de litros,1.18,l,Litros
32,Argentina,2013,8,22110,Leche chocolatada,6809.1,Miles de litros,0.17,l,Litros
32,Argentina,2013,9,22110,Leche pasteurizada,85114.35,Miles de litros,2.07,l,Litros
32,Argentina,2013,9,22110,Leche esterilizada,44109.95,Miles de litros,1.07,l,Litros
32,Argentina,2013,9,22110,Leche chocolatada,7520.81,Miles de litros,0.18,l,Litros
32,Argentina,2013,10,22110,Leche pasteurizada,92915.12,Miles de litros,2.25,l,Litros
32,Argentina,2013,10,22110,Leche esterilizada,51473.96,Miles de litros,1.25,l,Litros
32,Argentina,2013,10,22110,Leche chocolatada,5258.87,Miles de litros,0.13,l,Litros
32,Argentina,2013,11,22110,Leche pasteurizada,90536.68,Miles de litros,2.19,l,Litros
32,Argentina,2013,11,22110,Leche esterilizada,48232.81,Miles de litros,1.17,l,Litros
32,Argentina,2013,11,22110,Leche chocolatada,7135.66,Miles de litros,0.17,l,Litros
32,Argentina,2013,12,22110,Leche pasteurizada,83176.99,Miles de litros,2.01,l,Litros
32,Argentina,2013,12,22110,Leche esterilizada,41228.09,Miles de litros,1,l,Litros
32,Argentina,2013,12,22110,Leche chocolatada,6334.05,Miles de litros,0.15,l,Litros
32,Argentina,2014,1,22110,Leche pasteurizada,82888.93,Miles de litros,2.01,l,Litros
32,Argentina,2014,1,22110,Leche esterilizada,35138.56,Miles de litros,0.85,l,Litros
32,Argentina,2014,1,22110,Leche chocolatada,6736.83,Miles de litros,0.16,l,Litros
32,Argentina,2014,2,22110,Leche pasteurizada,82405.14,Miles de litros,1.99,l,Litros
32,Argentina,2014,2,22110,Leche esterilizada,38312.75,Miles de litros,0.93,l,Litros
32,Argentina,2014,2,22110,Leche chocolatada,6516.2,Miles de litros,0.16,l,Litros
32,Argentina,2014,3,22110,Leche pasteurizada,85713.56,Miles de litros,2.07,l,Litros
32,Argentina,2014,3,22110,Leche esterilizada,48673.69,Miles de litros,1.18,l,Litros
32,Argentina,2014,3,22110,Leche chocolatada,7151.72,Miles de litros,0.17,l,Litros
32,Argentina,2014,4,22110,Leche pasteurizada,86631.92,Miles de litros,2.09,l,Litros
32,Argentina,2014,4,22110,Leche esterilizada,51762.28,Miles de litros,1.25,l,Litros
32,Argentina,2014,4,22110,Leche chocolatada,7315.88,Miles de litros,0.18,l,Litros
32,Argentina,2014,5,22110,Leche pasteurizada,91036.44,Miles de litros,2.2,l,Litros
32,Argentina,2014,5,22110,Leche esterilizada,57025.4,Miles de litros,1.38,l,Litros
32,Argentina,2014,5,22110,Leche chocolatada,13890.92,Miles de litros,0.33,l,Litros
32,Argentina,2014,6,22110,Leche pasteurizada,91197.64,Miles de litros,2.2,l,Litros
32,Argentina,2014,6,22110,Leche esterilizada,52370.24,Miles de litros,1.26,l,Litros
32,Argentina,2014,6,22110,Leche chocolatada,3413.18,Miles de litros,0.08,l,Litros
32,Argentina,2014,7,22110,Leche pasteurizada,90893.91,Miles de litros,2.19,l,Litros
32,Argentina,2014,7,22110,Leche esterilizada,33280.77,Miles de litros,0.8,l,Litros
32,Argentina,2014,7,22110,Leche chocolatada,4078.33,Miles de litros,0.1,l,Litros
32,Argentina,2014,8,22110,Leche pasteurizada,87731.78,Miles de litros,2.11,l,Litros
32,Argentina,2014,8,22110,Leche esterilizada,66861.54,Miles de litros,1.61,l,Litros
32,Argentina,2014,8,22110,Leche chocolatada,5171.26,Miles de litros,0.12,l,Litros
32,Argentina,2014,9,22110,Leche pasteurizada,109641.3,Miles de litros,2.64,l,Litros
32,Argentina,2014,9,22110,Leche esterilizada,40196.49,Miles de litros,0.97,l,Litros
32,Argentina,2014,9,22110,Leche chocolatada,6057.16,Miles de litros,0.15,l,Litros
32,Argentina,2014,10,22110,Leche pasteurizada,113475.51,Miles de litros,2.73,l,Litros
32,Argentina,2014,10,22110,Leche esterilizada,48226.44,Miles de litros,1.16,l,Litros
32,Argentina,2014,10,22110,Leche chocolatada,4517.4,Miles de litros,0.11,l,Litros
32,Argentina,2014,11,22110,Leche pasteurizada,104681.73,Miles de litros,2.51,l,Litros
32,Argentina,2014,11,22110,Leche esterilizada,45733.39,Miles de litros,1.1,l,Litros
32,Argentina,2014,11,22110,Leche chocolatada,6451.57,Miles de litros,0.15,l,Litros
32,Argentina,2014,12,22110,Leche pasteurizada,106523.79,Miles de litros,2.56,l,Litros
32,Argentina,2014,12,22110,Leche esterilizada,50954.85,Miles de litros,1.22,l,Litros
32,Argentina,2014,12,22110,Leche chocolatada,7129.77,Miles de litros,0.17,l,Litros
32,Argentina,2015,1,22110,Leche pasteurizada,80648.77,Miles de litros,1.92,l,Litros
32,Argentina,2015,1,22110,Leche esterilizada,34945.29,Miles de litros,0.83,l,Litros
32,Argentina,2015,1,22110,Leche chocolatada,7338.41,Miles de litros,0.17,l,Litros
32,Argentina,2015,2,22110,Leche pasteurizada,92890.76,Miles de litros,2.21,l,Litros
32,Argentina,2015,2,22110,Leche esterilizada,38250.12,Miles de litros,0.91,l,Litros
32,Argentina,2015,2,22110,Leche chocolatada,5815.98,Miles de litros,0.14,l,Litros
32,Argentina,2015,3,22110,Leche pasteurizada,109562.97,Miles de litros,2.6,l,Litros
32,Argentina,2015,3,22110,Leche esterilizada,44405.88,Miles de litros,1.06,l,Litros
32,Argentina,2015,3,22110,Leche chocolatada,9258.59,Miles de litros,0.22,l,Litros
32,Argentina,2015,4,22110,Leche pasteurizada,109933.02,Miles de litros,2.61,l,Litros
32,Argentina,2015,4,22110,Leche esterilizada,48810.05,Miles de litros,1.16,l,Litros
32,Argentina,2015,4,22110,Leche chocolatada,10892.32,Miles de litros,0.26,l,Litros
32,Argentina,2015,5,22110,Leche pasteurizada,99666.19,Miles de litros,2.37,l,Litros
32,Argentina,2015,5,22110,Leche esterilizada,55930.4,Miles de litros,1.33,l,Litros
32,Argentina,2015,5,22110,Leche chocolatada,14085.3,Miles de litros,0.33,l,Litros
32,Argentina,2015,6,22110,Leche pasteurizada,111577.78,Miles de litros,2.65,l,Litros
32,Argentina,2015,6,22110,Leche esterilizada,57680.27,Miles de litros,1.37,l,Litros
32,Argentina,2015,6,22110,Leche chocolatada,4426.17,Miles de litros,0.1,l,Litros
32,Argentina,2015,7,22110,Leche pasteurizada,109095.22,Miles de litros,2.58,l,Litros
32,Argentina,2015,7,22110,Leche esterilizada,37639.04,Miles de litros,0.89,l,Litros
32,Argentina,2015,7,22110,Leche chocolatada,4704.53,Miles de litros,0.11,l,Litros
32,Argentina,2015,8,22110,Leche pasteurizada,101937.45,Miles de litros,2.41,l,Litros
32,Argentina,2015,8,22110,Leche esterilizada,46948.98,Miles de litros,1.11,l,Litros
32,Argentina,2015,8,22110,Leche chocolatada,7283.36,Miles de litros,0.17,l,Litros
32,Argentina,2015,9,22110,Leche pasteurizada,103927.92,Miles de litros,2.46,l,Litros
32,Argentina,2015,9,22110,Leche esterilizada,44211.8,Miles de litros,1.05,l,Litros
32,Argentina,2015,9,22110,Leche chocolatada,7269.54,Miles de litros,0.17,l,Litros
32,Argentina,2015,10,22110,Leche pasteurizada,110037.24,Miles de litros,2.6,l,Litros
32,Argentina,2015,10,22110,Leche esterilizada,49952.37,Miles de litros,1.18,l,Litros
32,Argentina,2015,10,22110,Leche chocolatada,4681.19,Miles de litros,0.11,l,Litros
32,Argentina,2015,11,22110,Leche pasteurizada,98514.27,Miles de litros,2.33,l,Litros
32,Argentina,2015,11,22110,Leche esterilizada,45462.8,Miles de litros,1.07,l,Litros
32,Argentina,2015,11,22110,Leche chocolatada,7882.72,Miles de litros,0.19,l,Litros
32,Argentina,2015,12,22110,Leche pasteurizada,94283.01,Miles de litros,2.23,l,Litros
32,Argentina,2015,12,22110,Leche esterilizada,45371.6,Miles de litros,1.07,l,Litros
32,Argentina,2015,12,22110,Leche chocolatada,8218.53,Miles de litros,0.19,l,Litros
32,Argentina,2016,1,22110,Leche pasteurizada,81854.96,Miles de litros,1.931,l,Litros
32,Argentina,2016,1,22110,Leche esterilizada,46887.25,Miles de litros,1.106,l,Litros
32,Argentina,2016,1,22110,Leche chocolatada,6893.59,Miles de litros,0.163,l,Litros
32,Argentina,2016,2,22110,Leche pasteurizada,81652.54,Miles de litros,1.924,l,Litros
32,Argentina,2016,2,22110,Leche esterilizada,48471.22,Miles de litros,1.142,l,Litros
32,Argentina,2016,2,22110,Leche chocolatada,6818.42,Miles de litros,0.161,l,Litros
32,Argentina,2016,3,22110,Leche pasteurizada,86367.03,Miles de litros,2.034,l,Litros
32,Argentina,2016,3,22110,Leche esterilizada,59801.54,Miles de litros,1.408,l,Litros
32,Argentina,2016,3,22110,Leche chocolatada,11235.04,Miles de litros,0.265,l,Litros
32,Argentina,2016,4,22110,Leche pasteurizada,77493.37,Miles de litros,1.824,l,Litros
32,Argentina,2016,4,22110,Leche esterilizada,57766.13,Miles de litros,1.359,l,Litros
32,Argentina,2016,4,22110,Leche chocolatada,9708.06,Miles de litros,0.228,l,Litros
32,Argentina,2016,5,22110,Leche pasteurizada,79462.17,Miles de litros,1.868,l,Litros
32,Argentina,2016,5,22110,Leche esterilizada,61064.25,Miles de litros,1.436,l,Litros
32,Argentina,2016,5,22110,Leche chocolatada,12054.74,Miles de litros,0.283,l,Litros
32,Argentina,2016,6,22110,Leche pasteurizada,86624.26,Miles de litros,2.035,l,Litros
32,Argentina,2016,6,22110,Leche esterilizada,66883.15,Miles de litros,1.571,l,Litros
32,Argentina,2016,6,22110,Leche chocolatada,3910.54,Miles de litros,0.092,l,Litros
32,Argentina,2016,7,22110,Leche pasteurizada,89261.24,Miles de litros,2.096,l,Litros
32,Argentina,2016,7,22110,Leche esterilizada,47772.71,Miles de litros,1.122,l,Litros
32,Argentina,2016,7,22110,Leche chocolatada,4329.04,Miles de litros,0.102,l,Litros
32,Argentina,2016,8,22110,Leche pasteurizada,94565.38,Miles de litros,2.218,l,Litros
32,Argentina,2016,8,22110,Leche esterilizada,54068.5,Miles de litros,1.268,l,Litros
32,Argentina,2016,8,22110,Leche chocolatada,5799.44,Miles de litros,0.136,l,Litros
32,Argentina,2016,9,22110,Leche pasteurizada,82448.13,Miles de litros,1.933,l,Litros
32,Argentina,2016,9,22110,Leche esterilizada,46777.98,Miles de litros,1.097,l,Litros
32,Argentina,2016,9,22110,Leche chocolatada,5163,Miles de litros,0.12,l,Litros
32,Argentina,2016,10,22110,Leche pasteurizada,81859.87,Miles de litros,1.917,l,Litros
32,Argentina,2016,10,22110,Leche esterilizada,53419.05,Miles de litros,1.251,l,Litros
32,Argentina,2016,10,22110,Leche chocolatada,4256.72,Miles de litros,0.1,l,Litros
32,Argentina,2016,11,22110,Leche pasteurizada,77177.51,Miles de litros,1.806,l,Litros
32,Argentina,2016,11,22110,Leche esterilizada,51251.91,Miles de litros,1.2,l,Litros
32,Argentina,2016,11,22110,Leche chocolatada,7463.19,Miles de litros,0.175,l,Litros
32,Argentina,2016,12,22110,Leche pasteurizada,70058.53,Miles de litros,1.638,l,Litros
32,Argentina,2016,12,22110,Leche esterilizada,38958.65,Miles de litros,0.911,l,Litros
32,Argentina,2016,12,22110,Leche chocolatada,7523.01,Miles de litros,0.176,l,Litros
